{
    "credentials": {
        "network_id": "asdf",
        "peers": [
            {
                "grpc_host": "peer-02",
                "grpc_port": 7051,
                "type": "peer",
                "network_id": "asdf",
                "id": "peer1"
            }
        ],
        "memberservices": [
            {
                "id": "asdf-ca",
                "url": "cop-01.marbles_net:8888",
                "host": "cop-01.marbles_net",
                "port": 8888,
                "type": "ca",
                "network_id": "asdf"
            }
        ],
        "orderers": [
            {
                "host": "orderer-01",
                "port": 7050,
                "type": "orderer",
                "network_id": "asdf",
                "id": "orderer-01"
            }
        ],
        "users": [
            {
                "enrollId": "admin",
                "enrollSecret": "adminpw"
            }
        ],
        "cert": "https://blockchain-certs.mybluemix.net/us.blockchain.ibm.com.cert",
        "marbles": {
            "company": "United Marbles",
            "chaincode_id": "cthon1",
            "usernames": [
                "amy",
                "alice",
                "amber"
            ],
            "port": 3000
        }
    }
}